{"Technology": {"1d": 1.3241819190238469, "5d": 1.282051282051278, "1m": -1.263342791514663, "3m": -49.63818056512749, "ytd": -44.13653390413577}, "Financials": {"1d": 0, "5d": 0, "1m": 0, "3m": 0, "ytd": 0}, "Healthcare": {"1d": 0, "5d": 0, "1m": 0, "3m": 0, "ytd": 0}, "Energy": {"1d": 0.2577873254565082, "5d": 2.234392113910193, "1m": 2.1225382932166275, "3m": -46.82087511394713, "ytd": -45.145745181006106}, "Consumer Discretionary": {"1d": 1.212170517409693, "5d": 5.120405576679343, "1m": 5.450076284115946, "3m": -47.109089363149394, "ytd": -45.87339569284316}, "Consumer Staples": {"1d": 1.0326364099949035, "5d": 2.007980435062431, "1m": 1.6155917425311004, "3m": 1.550486929779592, "ytd": -4.229607250755287}, "Industrials": {"1d": 1.0988324904788782, "5d": 2.500316495758968, "1m": 5.6570533733524835, "3m": 5.636375497423194, "ytd": 6.983350951374202}, "Materials": {"1d": 1.5999999999999959, "5d": 4.640069384215092, "1m": 11.223784282092641, "3m": -45.573474681402956, "ytd": -46.407551360355356}, "Real Estate": {"1d": 0.14836795252226082, "5d": 0.29717682020801744, "1m": 0.0, "3m": -1.5317286652078836, "ytd": -2.8077753779697665}, "Utilities": {"1d": 1.2383900928792475, "5d": -1.5516442797591516, "1m": -0.5614035087719345, "3m": -53.063928453130174, "ytd": -50.6157063197026}, "Communication Services": {"1d": 0.36601974804221366, "5d": 0.8639863130881017, "1m": 1.3059541197697362, "3m": 2.601809954751127, "ytd": 7.015792339807578}}